Key,Type,Summary,Component,Priority,Story Points,Dependencies,Risk Level
SWS-300,Story,Implement Provision API Core System,Core,Critical,13,SWS-034,Critical
SWS-301,Task,Design Provision API Types and Contracts,Core,Critical,3,SWS-300,Medium
SWS-302,Task,Implement createProvision Function,Core,Critical,3,SWS-301,Low
SWS-303,Task,Develop Provisioner Registration System,Core,Critical,5,SWS-302,High
SWS-304,Task,Create Accessor Resolution Algorithm,Core,Critical,8,SWS-303,Critical
SWS-305,Task,Implement Provision Update Propagation,Core,Critical,5,SWS-304,High
SWS-306,Task,Add Parent Tracking to VNodes,VDOM,Critical,5,SWS-022,Medium
SWS-307,Task,Integrate Provision API with VDOM Lifecycle,VDOM,Critical,8,SWS-306,Critical
SWS-308,Task,Implement useProvision Hook,Core,Critical,5,SWS-307,High
SWS-309,Task,Create Provisioner Component,Core,Critical,3,SWS-308,Medium
SWS-310,Task,Integrate Provision API with Signal System,Reactive,Critical,8,SWS-030,Critical
SWS-311,Task,Implement Signal-based Provision Values,Reactive,Critical,5,SWS-310,High
SWS-312,Task,Optimize Provision Subscription Management,Core,Critical,5,SWS-311,High
SWS-313,Task,Add Provision Cleanup on Unmount,Core,Critical,3,SWS-014,Medium
SWS-314,Task,Implement Unit Tests for Provision API,Testing,Critical,8,"SWS-005, SWS-308",Medium
SWS-315,Task,Create Integration Tests for Provision API,Testing,Critical,5,SWS-314,Medium
SWS-316,Task,Implement Edge Case Handling for Provision API,Core,Critical,5,SWS-304,High
SWS-317,Task,Add SSR Support for Provision API,SSR,Critical,8,"SWS-022, SWS-307",High
SWS-318,Task,Develop Provision Debugging Tools,DevTools,High,5,SWS-070,Medium
SWS-319,Task,Write Provision API Documentation,Documentation,High,3,SWS-318,Low
SWS-320,Task,Create Provision API Usage Examples,Examples,High,3,SWS-319,Low
SWS-321,Task,Migrate Cart to Provision API,Cart,Critical,8,"SWS-178, SWS-309",High 